--
-- Fichier généré par SQLiteStudio v3.1.1 sur ven. mars 24 12:16:13 2017
--
-- Encodage texte utilisé : UTF-8
--
PRAGMA foreign_keys = off;
BEGIN TRANSACTION;

-- Table : DATADEFAULT
DROP TABLE IF EXISTS DATADEFAULT;
CREATE TABLE "DATADEFAULT" (ID_DATADEFAULT INTEGER PRIMARY KEY, NAME TEXT, DEFINITION TEXT);
INSERT INTO DATADEFAULT (ID_DATADEFAULT, NAME, DEFINITION) VALUES (1, 'guid', '');
INSERT INTO DATADEFAULT (ID_DATADEFAULT, NAME, DEFINITION) VALUES (2, 'now', 'select datetime(current_timestamp, ''localtime'')');
INSERT INTO DATADEFAULT (ID_DATADEFAULT, NAME, DEFINITION) VALUES (3, 'valid', '1');

-- Table : DATATYPE
DROP TABLE IF EXISTS DATATYPE;
CREATE TABLE "DATATYPE" (ID_DATATYPE INTEGER PRIMARY KEY, NAME TEXT, DEFINITION TEXT);
INSERT INTO DATATYPE (ID_DATATYPE, NAME, DEFINITION) VALUES (1, 'String', 'TEXT');
INSERT INTO DATATYPE (ID_DATATYPE, NAME, DEFINITION) VALUES (2, 'Number', 'INTEGER');
INSERT INTO DATATYPE (ID_DATATYPE, NAME, DEFINITION) VALUES (3, 'Date', 'TEXT');
INSERT INTO DATATYPE (ID_DATATYPE, NAME, DEFINITION) VALUES (4, 'File', 'TEXT');
INSERT INTO DATATYPE (ID_DATATYPE, NAME, DEFINITION) VALUES (5, 'Boolean', 'INTEGER');
INSERT INTO DATATYPE (ID_DATATYPE, NAME, DEFINITION) VALUES (6, 'Html', 'TEXT');

-- Table : FIELD
DROP TABLE IF EXISTS FIELD;
CREATE TABLE FIELD (ID_FIELD INTEGER PRIMARY KEY, NAME TEXT, LABEL TEXT, DATATYPE INTEGER, ISGENERATED INTEGER, DATADEFAULT INTEGER, ISFOREIGN INTEGER, REFERENCED_OBJECT INTEGER, REFERENCED_FIELD INTEGER, POS INTEGER, PARENT_OBJECT INTEGER, hidden integer, REQUIRED INTEGER DEFAULT 1);
INSERT INTO FIELD (ID_FIELD, NAME, LABEL, DATATYPE, ISGENERATED, DATADEFAULT, ISFOREIGN, REFERENCED_OBJECT, REFERENCED_FIELD, POS, PARENT_OBJECT, hidden, REQUIRED) VALUES (1, 'id_object', 'id_object', 2, 0, NULL, 0, NULL, NULL, 0, 1, 1, 1);
INSERT INTO FIELD (ID_FIELD, NAME, LABEL, DATATYPE, ISGENERATED, DATADEFAULT, ISFOREIGN, REFERENCED_OBJECT, REFERENCED_FIELD, POS, PARENT_OBJECT, hidden, REQUIRED) VALUES (2, 'name', 'Name', 1, 0, NULL, 0, NULL, NULL, 1, 1, 0, 1);
INSERT INTO FIELD (ID_FIELD, NAME, LABEL, DATATYPE, ISGENERATED, DATADEFAULT, ISFOREIGN, REFERENCED_OBJECT, REFERENCED_FIELD, POS, PARENT_OBJECT, hidden, REQUIRED) VALUES (3, 'label', 'Label', 1, 0, NULL, 0, NULL, NULL, 2, 1, 0, 1);
INSERT INTO FIELD (ID_FIELD, NAME, LABEL, DATATYPE, ISGENERATED, DATADEFAULT, ISFOREIGN, REFERENCED_OBJECT, REFERENCED_FIELD, POS, PARENT_OBJECT, hidden, REQUIRED) VALUES (4, 'isdefault', 'Default View', 5, 0, NULL, 0, NULL, NULL, 3, 1, 0, 0);
INSERT INTO FIELD (ID_FIELD, NAME, LABEL, DATATYPE, ISGENERATED, DATADEFAULT, ISFOREIGN, REFERENCED_OBJECT, REFERENCED_FIELD, POS, PARENT_OBJECT, hidden, REQUIRED) VALUES (5, 'isactivable', 'Activable', 5, 0, NULL, 0, NULL, NULL, 4, 1, 0, 0);
INSERT INTO FIELD (ID_FIELD, NAME, LABEL, DATATYPE, ISGENERATED, DATADEFAULT, ISFOREIGN, REFERENCED_OBJECT, REFERENCED_FIELD, POS, PARENT_OBJECT, hidden, REQUIRED) VALUES (6, 'id_user', 'id_user', 2, 0, NULL, 0, NULL, NULL, 0, 3, 1, 1);
INSERT INTO FIELD (ID_FIELD, NAME, LABEL, DATATYPE, ISGENERATED, DATADEFAULT, ISFOREIGN, REFERENCED_OBJECT, REFERENCED_FIELD, POS, PARENT_OBJECT, hidden, REQUIRED) VALUES (7, 'login', 'Login', 1, 0, NULL, 0, NULL, NULL, 1, 3, 0, 1);
INSERT INTO FIELD (ID_FIELD, NAME, LABEL, DATATYPE, ISGENERATED, DATADEFAULT, ISFOREIGN, REFERENCED_OBJECT, REFERENCED_FIELD, POS, PARENT_OBJECT, hidden, REQUIRED) VALUES (8, 'password', 'Password', 1, 0, NULL, 0, NULL, NULL, 2, 3, 1, 1);
INSERT INTO FIELD (ID_FIELD, NAME, LABEL, DATATYPE, ISGENERATED, DATADEFAULT, ISFOREIGN, REFERENCED_OBJECT, REFERENCED_FIELD, POS, PARENT_OBJECT, hidden, REQUIRED) VALUES (9, 'level', 'Level', 2, 0, NULL, 0, NULL, NULL, 3, 3, 0, 1);
INSERT INTO FIELD (ID_FIELD, NAME, LABEL, DATATYPE, ISGENERATED, DATADEFAULT, ISFOREIGN, REFERENCED_OBJECT, REFERENCED_FIELD, POS, PARENT_OBJECT, hidden, REQUIRED) VALUES (10, 'id_field', 'id_field', 2, 0, NULL, 0, NULL, NULL, 0, 2, 1, 1);
INSERT INTO FIELD (ID_FIELD, NAME, LABEL, DATATYPE, ISGENERATED, DATADEFAULT, ISFOREIGN, REFERENCED_OBJECT, REFERENCED_FIELD, POS, PARENT_OBJECT, hidden, REQUIRED) VALUES (11, 'name', 'Name', 1, 0, NULL, 0, NULL, NULL, 1, 2, 0, 1);
INSERT INTO FIELD (ID_FIELD, NAME, LABEL, DATATYPE, ISGENERATED, DATADEFAULT, ISFOREIGN, REFERENCED_OBJECT, REFERENCED_FIELD, POS, PARENT_OBJECT, hidden, REQUIRED) VALUES (12, 'label', 'Label', 1, 0, NULL, 0, NULL, NULL, 2, 2, 0, 1);
INSERT INTO FIELD (ID_FIELD, NAME, LABEL, DATATYPE, ISGENERATED, DATADEFAULT, ISFOREIGN, REFERENCED_OBJECT, REFERENCED_FIELD, POS, PARENT_OBJECT, hidden, REQUIRED) VALUES (13, 'datatype', 'Datatype', 1, 0, NULL, 1, 5, 28, 3, 2, 0, 1);
INSERT INTO FIELD (ID_FIELD, NAME, LABEL, DATATYPE, ISGENERATED, DATADEFAULT, ISFOREIGN, REFERENCED_OBJECT, REFERENCED_FIELD, POS, PARENT_OBJECT, hidden, REQUIRED) VALUES (14, 'isgenerated', 'Is Generated', 5, 0, NULL, 0, NULL, NULL, 4, 2, 0, 1);
INSERT INTO FIELD (ID_FIELD, NAME, LABEL, DATATYPE, ISGENERATED, DATADEFAULT, ISFOREIGN, REFERENCED_OBJECT, REFERENCED_FIELD, POS, PARENT_OBJECT, hidden, REQUIRED) VALUES (15, 'datadefault', 'Datadefault', 1, 0, NULL, 1, 4, 25, 5, 2, 0, 1);
INSERT INTO FIELD (ID_FIELD, NAME, LABEL, DATATYPE, ISGENERATED, DATADEFAULT, ISFOREIGN, REFERENCED_OBJECT, REFERENCED_FIELD, POS, PARENT_OBJECT, hidden, REQUIRED) VALUES (16, 'isforeign', 'Is Foreign', 5, 0, NULL, 0, NULL, NULL, 6, 2, 0, 1);
INSERT INTO FIELD (ID_FIELD, NAME, LABEL, DATATYPE, ISGENERATED, DATADEFAULT, ISFOREIGN, REFERENCED_OBJECT, REFERENCED_FIELD, POS, PARENT_OBJECT, hidden, REQUIRED) VALUES (17, 'referenced_object', 'Referenced Object', 1, 0, NULL, 1, 1, 3, 7, 2, 0, 0);
INSERT INTO FIELD (ID_FIELD, NAME, LABEL, DATATYPE, ISGENERATED, DATADEFAULT, ISFOREIGN, REFERENCED_OBJECT, REFERENCED_FIELD, POS, PARENT_OBJECT, hidden, REQUIRED) VALUES (18, 'referenced_field', 'Referenced Field', 1, 0, NULL, 1, 2, 12, 8, 2, 0, 0);
INSERT INTO FIELD (ID_FIELD, NAME, LABEL, DATATYPE, ISGENERATED, DATADEFAULT, ISFOREIGN, REFERENCED_OBJECT, REFERENCED_FIELD, POS, PARENT_OBJECT, hidden, REQUIRED) VALUES (19, 'pos', 'Position', 2, 0, NULL, 0, NULL, NULL, 9, 2, 0, 1);
INSERT INTO FIELD (ID_FIELD, NAME, LABEL, DATATYPE, ISGENERATED, DATADEFAULT, ISFOREIGN, REFERENCED_OBJECT, REFERENCED_FIELD, POS, PARENT_OBJECT, hidden, REQUIRED) VALUES (20, 'parent_object', 'Parent Object', 1, 0, NULL, 1, 1, 3, 10, 2, 0, 1);
INSERT INTO FIELD (ID_FIELD, NAME, LABEL, DATATYPE, ISGENERATED, DATADEFAULT, ISFOREIGN, REFERENCED_OBJECT, REFERENCED_FIELD, POS, PARENT_OBJECT, hidden, REQUIRED) VALUES (21, 'hidden', 'Is Hidden', 5, 0, NULL, 0, NULL, NULL, 11, 2, 0, 1);
INSERT INTO FIELD (ID_FIELD, NAME, LABEL, DATATYPE, ISGENERATED, DATADEFAULT, ISFOREIGN, REFERENCED_OBJECT, REFERENCED_FIELD, POS, PARENT_OBJECT, hidden, REQUIRED) VALUES (22, 'required', 'Is Required', 5, 0, NULL, 0, NULL, NULL, 12, 2, 0, 1);
INSERT INTO FIELD (ID_FIELD, NAME, LABEL, DATATYPE, ISGENERATED, DATADEFAULT, ISFOREIGN, REFERENCED_OBJECT, REFERENCED_FIELD, POS, PARENT_OBJECT, hidden, REQUIRED) VALUES (23, 'id_datadefault', 'id_datadefault', 2, 0, NULL, 0, NULL, NULL, 0, 4, 1, 1);
INSERT INTO FIELD (ID_FIELD, NAME, LABEL, DATATYPE, ISGENERATED, DATADEFAULT, ISFOREIGN, REFERENCED_OBJECT, REFERENCED_FIELD, POS, PARENT_OBJECT, hidden, REQUIRED) VALUES (24, 'name', 'Name', 1, 0, NULL, 0, NULL, NULL, 1, 4, 0, 1);
INSERT INTO FIELD (ID_FIELD, NAME, LABEL, DATATYPE, ISGENERATED, DATADEFAULT, ISFOREIGN, REFERENCED_OBJECT, REFERENCED_FIELD, POS, PARENT_OBJECT, hidden, REQUIRED) VALUES (25, 'definition', 'Definition', 1, 0, NULL, 0, NULL, NULL, 2, 4, 0, 1);
INSERT INTO FIELD (ID_FIELD, NAME, LABEL, DATATYPE, ISGENERATED, DATADEFAULT, ISFOREIGN, REFERENCED_OBJECT, REFERENCED_FIELD, POS, PARENT_OBJECT, hidden, REQUIRED) VALUES (26, 'id_datatype', 'id_datatype', 2, 0, NULL, 0, NULL, NULL, 0, 5, 1, 1);
INSERT INTO FIELD (ID_FIELD, NAME, LABEL, DATATYPE, ISGENERATED, DATADEFAULT, ISFOREIGN, REFERENCED_OBJECT, REFERENCED_FIELD, POS, PARENT_OBJECT, hidden, REQUIRED) VALUES (27, 'name', 'Name', 1, 0, NULL, 0, NULL, NULL, 1, 5, 0, 1);
INSERT INTO FIELD (ID_FIELD, NAME, LABEL, DATATYPE, ISGENERATED, DATADEFAULT, ISFOREIGN, REFERENCED_OBJECT, REFERENCED_FIELD, POS, PARENT_OBJECT, hidden, REQUIRED) VALUES (28, 'definition', 'Definition', 1, 0, NULL, 0, NULL, NULL, 2, 5, 0, 1);
INSERT INTO FIELD (ID_FIELD, NAME, LABEL, DATATYPE, ISGENERATED, DATADEFAULT, ISFOREIGN, REFERENCED_OBJECT, REFERENCED_FIELD, POS, PARENT_OBJECT, hidden, REQUIRED) VALUES (29, 'id_objectgroup', 'id_objectgroup', 2, 0, NULL, 0, NULL, NULL, 0, 6, 1, 1);
INSERT INTO FIELD (ID_FIELD, NAME, LABEL, DATATYPE, ISGENERATED, DATADEFAULT, ISFOREIGN, REFERENCED_OBJECT, REFERENCED_FIELD, POS, PARENT_OBJECT, hidden, REQUIRED) VALUES (30, 'name', 'Name', 1, 0, NULL, 0, NULL, NULL, 1, 6, 0, 1);
INSERT INTO FIELD (ID_FIELD, NAME, LABEL, DATATYPE, ISGENERATED, DATADEFAULT, ISFOREIGN, REFERENCED_OBJECT, REFERENCED_FIELD, POS, PARENT_OBJECT, hidden, REQUIRED) VALUES (31, 'pos', 'Position', 2, 0, NULL, 0, NULL, NULL, 2, 6, 0, 1);
INSERT INTO FIELD (ID_FIELD, NAME, LABEL, DATATYPE, ISGENERATED, DATADEFAULT, ISFOREIGN, REFERENCED_OBJECT, REFERENCED_FIELD, POS, PARENT_OBJECT, hidden, REQUIRED) VALUES (32, 'valid', 'Is Valid', 5, 0, NULL, 0, NULL, NULL, 3, 6, 0, 1);

-- Table : OBJECT
DROP TABLE IF EXISTS OBJECT;
CREATE TABLE OBJECT (ID_OBJECT INTEGER PRIMARY KEY, NAME TEXT, LABEL TEXT, ALIAS TEXT, APIURL TEXT, VIEW_ID TEXT, ISDEFAULT INTEGER, ISACTIVABLE INTEGER, POS INTEGER, PARENT_GROUP INTEGER, custom integer, ISFORM INTEGER, schema TEXT);
INSERT INTO OBJECT (ID_OBJECT, NAME, LABEL, ALIAS, APIURL, VIEW_ID, ISDEFAULT, ISACTIVABLE, POS, PARENT_GROUP, custom, ISFORM, schema) VALUES (1, 'object', 'Create view', 'object', '/object', '__create_view', 0, 0, 1, 2, 0, 0, 'conf');
INSERT INTO OBJECT (ID_OBJECT, NAME, LABEL, ALIAS, APIURL, VIEW_ID, ISDEFAULT, ISACTIVABLE, POS, PARENT_GROUP, custom, ISFORM, schema) VALUES (2, 'field', 'Add field', 'field', '/field', '__field_view', 0, 0, 2, 2, 0, 0, 'conf');
INSERT INTO OBJECT (ID_OBJECT, NAME, LABEL, ALIAS, APIURL, VIEW_ID, ISDEFAULT, ISACTIVABLE, POS, PARENT_GROUP, custom, ISFORM, schema) VALUES (3, 'user', 'Users', '__user', '/user', '__user_view', 0, 1, 8, 1, 0, 0, 'conf');
INSERT INTO OBJECT (ID_OBJECT, NAME, LABEL, ALIAS, APIURL, VIEW_ID, ISDEFAULT, ISACTIVABLE, POS, PARENT_GROUP, custom, ISFORM, schema) VALUES (4, 'datadefault', 'Datadefault', 'datadefault', '/datadefault', '__dd_view', 0, 0, 3, 2, 0, 0, 'conf');
INSERT INTO OBJECT (ID_OBJECT, NAME, LABEL, ALIAS, APIURL, VIEW_ID, ISDEFAULT, ISACTIVABLE, POS, PARENT_GROUP, custom, ISFORM, schema) VALUES (5, 'datatype', 'Datatype', 'datatype', '/datatype', '__dt_view', 0, 0, 4, 2, 0, 0, 'conf');
INSERT INTO OBJECT (ID_OBJECT, NAME, LABEL, ALIAS, APIURL, VIEW_ID, ISDEFAULT, ISACTIVABLE, POS, PARENT_GROUP, custom, ISFORM, schema) VALUES (6, 'objectgroup', 'Object group', 'objectgroup', '/objectgroup', '__objectgroup_view', 0, 0, 2, 1, 0, 0, 'conf');


  -- Table : OBJECTGROUP
DROP TABLE IF EXISTS OBJECTGROUP;
CREATE TABLE OBJECTGROUP (ID_OBJECTGROUP INTEGER PRIMARY KEY, NAME TEXT, POS INTEGER, VALID INTEGER);
INSERT INTO OBJECTGROUP (ID_OBJECTGROUP, NAME, POS, VALID) VALUES (1, 'Administration', 2, 1);
INSERT INTO OBJECTGROUP (ID_OBJECTGROUP, NAME, POS, VALID) VALUES (2, 'Développement', 3, 1);

-- Table : USER
DROP TABLE IF EXISTS USER;
CREATE TABLE "USER" (ID_USER INTEGER PRIMARY KEY, LOGIN TEXT UNIQUE, PASSWORD TEXT, LEVEL INTEGER, ACTIVE INTEGER DEFAULT 1);
INSERT INTO USER (ID_USER, LOGIN, PASSWORD, LEVEL, ACTIVE) VALUES (0, 'dev', 'ef260e9aa3c673af240d17a2660480361a8e081d1ffeca2a5ed0e3219fc18567', 99, 1);

COMMIT TRANSACTION;
PRAGMA foreign_keys = on;
